date,parameter,asset,nomination,load_ts
01/01/2025,01/01/2025,Prod_Well_A,390,2026-01-01 08:00:00.000000+00:00
02/01/2025,01/01/2025,Prod_Well_A,302,2026-01-01 08:00:00.000000+00:00
03/01/2025,01/01/2025,Prod_Well_A,221,2026-01-01 08:00:00.000000+00:00
04/01/2025,01/01/2025,Prod_Well_A,349,2026-01-01 08:00:00.000000+00:00
05/01/2025,01/01/2025,Prod_Well_A,340,2026-01-01 08:00:00.000000+00:00
06/01/2025,01/01/2025,Prod_Well_A,269,2026-01-01 08:00:00.000000+00:00
07/01/2025,01/01/2025,Prod_Well_A,280,2026-01-01 08:00:00.000000+00:00
08/01/2025,01/01/2025,Prod_Well_A,243,2026-01-01 08:00:00.000000+00:00
09/01/2025,01/01/2025,Prod_Well_A,273,2026-01-01 08:00:00.000000+00:00
10/01/2025,01/01/2025,Prod_Well_A,231,2026-01-01 08:00:00.000000+00:00
11/01/2025,01/01/2025,Prod_Well_A,347,2026-01-01 08:00:00.000000+00:00
12/01/2025,01/01/2025,Prod_Well_A,312,2026-01-01 08:00:00.000000+00:00
13/01/2025,01/01/2025,Prod_Well_A,375,2026-01-01 08:00:00.000000+00:00
14/01/2025,01/01/2025,Prod_Well_A,233,2026-01-01 08:00:00.000000+00:00
15/01/2025,01/01/2025,Prod_Well_A,280,2026-01-01 08:00:00.000000+00:00
16/01/2025,01/01/2025,Prod_Well_A,250,2026-01-01 08:00:00.000000+00:00
17/01/2025,01/01/2025,Prod_Well_A,366,2026-01-01 08:00:00.000000+00:00
18/01/2025,01/01/2025,Prod_Well_A,273,2026-01-01 08:00:00.000000+00:00
19/01/2025,01/01/2025,Prod_Well_A,322,2026-01-01 08:00:00.000000+00:00
20/01/2025,01/01/2025,Prod_Well_A,292,2026-01-01 08:00:00.000000+00:00
21/01/2025,01/01/2025,Prod_Well_A,353,2026-01-01 08:00:00.000000+00:00
22/01/2025,01/01/2025,Prod_Well_A,212,2026-01-01 08:00:00.000000+00:00
23/01/2025,01/01/2025,Prod_Well_A,266,2026-01-01 08:00:00.000000+00:00
24/01/2025,01/01/2025,Prod_Well_A,334,2026-01-01 08:00:00.000000+00:00
25/01/2025,01/01/2025,Prod_Well_A,224,2026-01-01 08:00:00.000000+00:00
26/01/2025,01/01/2025,Prod_Well_A,252,2026-01-01 08:00:00.000000+00:00
27/01/2025,01/01/2025,Prod_Well_A,336,2026-01-01 08:00:00.000000+00:00
28/01/2025,01/01/2025,Prod_Well_A,376,2026-01-01 08:00:00.000000+00:00
29/01/2025,01/01/2025,Prod_Well_A,285,2026-01-01 08:00:00.000000+00:00
30/01/2025,01/01/2025,Prod_Well_A,250,2026-01-01 08:00:00.000000+00:00
31/01/2025,01/01/2025,Prod_Well_A,258,2026-01-01 08:00:00.000000+00:00
01/01/2025,01/01/2025,Pressure_Tx,1.444444444,2026-01-01 08:00:00.000000+00:00
02/01/2025,01/01/2025,Pressure_Tx,0.906906907,2026-01-01 08:00:00.000000+00:00
03/01/2025,01/01/2025,Pressure_Tx,0.624293785,2026-01-01 08:00:00.000000+00:00
04/01/2025,01/01/2025,Pressure_Tx,0.945799458,2026-01-01 08:00:00.000000+00:00
05/01/2025,01/01/2025,Pressure_Tx,1.114754098,2026-01-01 08:00:00.000000+00:00
06/01/2025,01/01/2025,Pressure_Tx,0.730978261,2026-01-01 08:00:00.000000+00:00
07/01/2025,01/01/2025,Pressure_Tx,1.076923077,2026-01-01 08:00:00.000000+00:00
08/01/2025,01/01/2025,Pressure_Tx,0.94921875,2026-01-01 08:00:00.000000+00:00
09/01/2025,01/01/2025,Pressure_Tx,0.928571429,2026-01-01 08:00:00.000000+00:00
10/01/2025,01/01/2025,Pressure_Tx,0.747572816,2026-01-01 08:00:00.000000+00:00
11/01/2025,01/01/2025,Pressure_Tx,1.00872093,2026-01-01 08:00:00.000000+00:00
12/01/2025,01/01/2025,Pressure_Tx,0.823218997,2026-01-01 08:00:00.000000+00:00
13/01/2025,01/01/2025,Pressure_Tx,1.099706745,2026-01-01 08:00:00.000000+00:00
14/01/2025,01/01/2025,Pressure_Tx,0.744408946,2026-01-01 08:00:00.000000+00:00
15/01/2025,01/01/2025,Pressure_Tx,0.918032787,2026-01-01 08:00:00.000000+00:00
16/01/2025,01/01/2025,Pressure_Tx,0.980392157,2026-01-01 08:00:00.000000+00:00
17/01/2025,01/01/2025,Pressure_Tx,0.93129771,2026-01-01 08:00:00.000000+00:00
18/01/2025,01/01/2025,Pressure_Tx,0.722222222,2026-01-01 08:00:00.000000+00:00
19/01/2025,01/01/2025,Pressure_Tx,0.847368421,2026-01-01 08:00:00.000000+00:00
20/01/2025,01/01/2025,Pressure_Tx,1.046594982,2026-01-01 08:00:00.000000+00:00
21/01/2025,01/01/2025,Pressure_Tx,0.921671018,2026-01-01 08:00:00.000000+00:00
22/01/2025,01/01/2025,Pressure_Tx,0.565333333,2026-01-01 08:00:00.000000+00:00
23/01/2025,01/01/2025,Pressure_Tx,0.89261745,2026-01-01 08:00:00.000000+00:00
24/01/2025,01/01/2025,Pressure_Tx,1.159722222,2026-01-01 08:00:00.000000+00:00
25/01/2025,01/01/2025,Pressure_Tx,0.610354223,2026-01-01 08:00:00.000000+00:00
26/01/2025,01/01/2025,Pressure_Tx,0.854237288,2026-01-01 08:00:00.000000+00:00
27/01/2025,01/01/2025,Pressure_Tx,0.943820225,2026-01-01 08:00:00.000000+00:00
28/01/2025,01/01/2025,Pressure_Tx,1.333333333,2026-01-01 08:00:00.000000+00:00
29/01/2025,01/01/2025,Pressure_Tx,0.871559633,2026-01-01 08:00:00.000000+00:00
30/01/2025,01/01/2025,Pressure_Tx,0.757575758,2026-01-01 08:00:00.000000+00:00
31/01/2025,01/01/2025,Pressure_Tx,0.924731183,2026-01-01 08:00:00.000000+00:00
01/01/2025,01/01/2025,Gas_Flow,63,2026-01-01 08:00:00.000000+00:00
02/01/2025,01/01/2025,Gas_Flow,191,2026-01-01 08:00:00.000000+00:00
03/01/2025,01/01/2025,Gas_Flow,168,2026-01-01 08:00:00.000000+00:00
04/01/2025,01/01/2025,Gas_Flow,154,2026-01-01 08:00:00.000000+00:00
05/01/2025,01/01/2025,Gas_Flow,278,2026-01-01 08:00:00.000000+00:00
06/01/2025,01/01/2025,Gas_Flow,189,2026-01-01 08:00:00.000000+00:00
07/01/2025,01/01/2025,Gas_Flow,294,2026-01-01 08:00:00.000000+00:00
08/01/2025,01/01/2025,Gas_Flow,242,2026-01-01 08:00:00.000000+00:00
09/01/2025,01/01/2025,Gas_Flow,85,2026-01-01 08:00:00.000000+00:00
10/01/2025,01/01/2025,Gas_Flow,250,2026-01-01 08:00:00.000000+00:00
11/01/2025,01/01/2025,Gas_Flow,98,2026-01-01 08:00:00.000000+00:00
12/01/2025,01/01/2025,Gas_Flow,192,2026-01-01 08:00:00.000000+00:00
13/01/2025,01/01/2025,Gas_Flow,284,2026-01-01 08:00:00.000000+00:00
14/01/2025,01/01/2025,Gas_Flow,113,2026-01-01 08:00:00.000000+00:00
15/01/2025,01/01/2025,Gas_Flow,69,2026-01-01 08:00:00.000000+00:00
16/01/2025,01/01/2025,Gas_Flow,167,2026-01-01 08:00:00.000000+00:00
17/01/2025,01/01/2025,Gas_Flow,209,2026-01-01 08:00:00.000000+00:00
18/01/2025,01/01/2025,Gas_Flow,216,2026-01-01 08:00:00.000000+00:00
19/01/2025,01/01/2025,Gas_Flow,138,2026-01-01 08:00:00.000000+00:00
20/01/2025,01/01/2025,Gas_Flow,204,2026-01-01 08:00:00.000000+00:00
21/01/2025,01/01/2025,Gas_Flow,152,2026-01-01 08:00:00.000000+00:00
22/01/2025,01/01/2025,Gas_Flow,163,2026-01-01 08:00:00.000000+00:00
23/01/2025,01/01/2025,Gas_Flow,87,2026-01-01 08:00:00.000000+00:00
24/01/2025,01/01/2025,Gas_Flow,210,2026-01-01 08:00:00.000000+00:00
25/01/2025,01/01/2025,Gas_Flow,110,2026-01-01 08:00:00.000000+00:00
26/01/2025,01/01/2025,Gas_Flow,177,2026-01-01 08:00:00.000000+00:00
27/01/2025,01/01/2025,Gas_Flow,243,2026-01-01 08:00:00.000000+00:00
28/01/2025,01/01/2025,Gas_Flow,213,2026-01-01 08:00:00.000000+00:00
29/01/2025,01/01/2025,Gas_Flow,205,2026-01-01 08:00:00.000000+00:00
30/01/2025,01/01/2025,Gas_Flow,122,2026-01-01 08:00:00.000000+00:00
31/01/2025,01/01/2025,Gas_Flow,88,2026-01-01 08:00:00.000000+00:00
01/01/2025,01/01/2025,Temp_Sensor_1,34,2026-01-01 08:00:00.000000+00:00
02/01/2025,01/01/2025,Temp_Sensor_1,1,2026-01-01 08:00:00.000000+00:00
03/01/2025,01/01/2025,Temp_Sensor_1,90,2026-01-01 08:00:00.000000+00:00
04/01/2025,01/01/2025,Temp_Sensor_1,286,2026-01-01 08:00:00.000000+00:00
05/01/2025,01/01/2025,Temp_Sensor_1,122,2026-01-01 08:00:00.000000+00:00
06/01/2025,01/01/2025,Temp_Sensor_1,242,2026-01-01 08:00:00.000000+00:00
07/01/2025,01/01/2025,Temp_Sensor_1,250,2026-01-01 08:00:00.000000+00:00
08/01/2025,01/01/2025,Temp_Sensor_1,88,2026-01-01 08:00:00.000000+00:00
09/01/2025,01/01/2025,Temp_Sensor_1,185,2026-01-01 08:00:00.000000+00:00
10/01/2025,01/01/2025,Temp_Sensor_1,46,2026-01-01 08:00:00.000000+00:00
11/01/2025,01/01/2025,Temp_Sensor_1,174,2026-01-01 08:00:00.000000+00:00
12/01/2025,01/01/2025,Temp_Sensor_1,183,2026-01-01 08:00:00.000000+00:00
13/01/2025,01/01/2025,Temp_Sensor_1,258,2026-01-01 08:00:00.000000+00:00
14/01/2025,01/01/2025,Temp_Sensor_1,3,2026-01-01 08:00:00.000000+00:00
15/01/2025,01/01/2025,Temp_Sensor_1,201,2026-01-01 08:00:00.000000+00:00
16/01/2025,01/01/2025,Temp_Sensor_1,39,2026-01-01 08:00:00.000000+00:00
17/01/2025,01/01/2025,Temp_Sensor_1,129,2026-01-01 08:00:00.000000+00:00
18/01/2025,01/01/2025,Temp_Sensor_1,41,2026-01-01 08:00:00.000000+00:00
19/01/2025,01/01/2025,Temp_Sensor_1,49,2026-01-01 08:00:00.000000+00:00
20/01/2025,01/01/2025,Temp_Sensor_1,129,2026-01-01 08:00:00.000000+00:00
21/01/2025,01/01/2025,Temp_Sensor_1,147,2026-01-01 08:00:00.000000+00:00
22/01/2025,01/01/2025,Temp_Sensor_1,62,2026-01-01 08:00:00.000000+00:00
23/01/2025,01/01/2025,Temp_Sensor_1,224,2026-01-01 08:00:00.000000+00:00
24/01/2025,01/01/2025,Temp_Sensor_1,245,2026-01-01 08:00:00.000000+00:00
25/01/2025,01/01/2025,Temp_Sensor_1,225,2026-01-01 08:00:00.000000+00:00
26/01/2025,01/01/2025,Temp_Sensor_1,220,2026-01-01 08:00:00.000000+00:00
27/01/2025,01/01/2025,Temp_Sensor_1,279,2026-01-01 08:00:00.000000+00:00
28/01/2025,01/01/2025,Temp_Sensor_1,163,2026-01-01 08:00:00.000000+00:00
29/01/2025,01/01/2025,Temp_Sensor_1,30,2026-01-01 08:00:00.000000+00:00
30/01/2025,01/01/2025,Temp_Sensor_1,203,2026-01-01 08:00:00.000000+00:00
31/01/2025,01/01/2025,Temp_Sensor_1,120,2026-01-01 08:00:00.000000+00:00
01/01/2025,01/01/2025,Inject_Pump_B,222,2026-01-01 08:00:00.000000+00:00
02/01/2025,01/01/2025,Inject_Pump_B,350,2026-01-01 08:00:00.000000+00:00
03/01/2025,01/01/2025,Inject_Pump_B,719,2026-01-01 08:00:00.000000+00:00
04/01/2025,01/01/2025,Inject_Pump_B,809,2026-01-01 08:00:00.000000+00:00
05/01/2025,01/01/2025,Inject_Pump_B,531,2026-01-01 08:00:00.000000+00:00
06/01/2025,01/01/2025,Inject_Pump_B,494,2026-01-01 08:00:00.000000+00:00
07/01/2025,01/01/2025,Inject_Pump_B,944,2026-01-01 08:00:00.000000+00:00
08/01/2025,01/01/2025,Inject_Pump_B,503,2026-01-01 08:00:00.000000+00:00
09/01/2025,01/01/2025,Inject_Pump_B,891,2026-01-01 08:00:00.000000+00:00
10/01/2025,01/01/2025,Inject_Pump_B,182,2026-01-01 08:00:00.000000+00:00
11/01/2025,01/01/2025,Inject_Pump_B,547,2026-01-01 08:00:00.000000+00:00
12/01/2025,01/01/2025,Inject_Pump_B,65,2026-01-01 08:00:00.000000+00:00
13/01/2025,01/01/2025,Inject_Pump_B,217,2026-01-01 08:00:00.000000+00:00
14/01/2025,01/01/2025,Inject_Pump_B,121,2026-01-01 08:00:00.000000+00:00
15/01/2025,01/01/2025,Inject_Pump_B,176,2026-01-01 08:00:00.000000+00:00
16/01/2025,01/01/2025,Inject_Pump_B,736,2026-01-01 08:00:00.000000+00:00
17/01/2025,01/01/2025,Inject_Pump_B,224,2026-01-01 08:00:00.000000+00:00
18/01/2025,01/01/2025,Inject_Pump_B,55,2026-01-01 08:00:00.000000+00:00
19/01/2025,01/01/2025,Inject_Pump_B,733,2026-01-01 08:00:00.000000+00:00
20/01/2025,01/01/2025,Inject_Pump_B,198,2026-01-01 08:00:00.000000+00:00
21/01/2025,01/01/2025,Inject_Pump_B,517,2026-01-01 08:00:00.000000+00:00
22/01/2025,01/01/2025,Inject_Pump_B,278,2026-01-01 08:00:00.000000+00:00
23/01/2025,01/01/2025,Inject_Pump_B,696,2026-01-01 08:00:00.000000+00:00
24/01/2025,01/01/2025,Inject_Pump_B,828,2026-01-01 08:00:00.000000+00:00
25/01/2025,01/01/2025,Inject_Pump_B,685,2026-01-01 08:00:00.000000+00:00
26/01/2025,01/01/2025,Inject_Pump_B,371,2026-01-01 08:00:00.000000+00:00
27/01/2025,01/01/2025,Inject_Pump_B,584,2026-01-01 08:00:00.000000+00:00
28/01/2025,01/01/2025,Inject_Pump_B,298,2026-01-01 08:00:00.000000+00:00
29/01/2025,01/01/2025,Inject_Pump_B,995,2026-01-01 08:00:00.000000+00:00
30/01/2025,01/01/2025,Inject_Pump_B,222,2026-01-01 08:00:00.000000+00:00
31/01/2025,01/01/2025,Inject_Pump_B,324,2026-01-01 08:00:00.000000+00:00
01/02/2025,01/01/2025,Prod_Well_A ,356,2026-01-01 08:00:00.000000+00:00
02/02/2025,01/01/2025,Prod_Well_A ,347,2026-01-01 08:00:00.000000+00:00
03/02/2025,01/01/2025,Prod_Well_A ,381,2026-01-01 08:00:00.000000+00:00
04/02/2025,01/01/2025,Prod_Well_A ,373,2026-01-01 08:00:00.000000+00:00
05/02/2025,01/01/2025,Prod_Well_A ,217,2026-01-01 08:00:00.000000+00:00
06/02/2025,01/01/2025,Prod_Well_A ,339,2026-01-01 08:00:00.000000+00:00
07/02/2025,01/01/2025,Prod_Well_A ,281,2026-01-01 08:00:00.000000+00:00
08/02/2025,01/01/2025,Prod_Well_A ,387,2026-01-01 08:00:00.000000+00:00
09/02/2025,01/01/2025,Prod_Well_A ,278,2026-01-01 08:00:00.000000+00:00
10/02/2025,01/01/2025,Prod_Well_A ,383,2026-01-01 08:00:00.000000+00:00
11/02/2025,01/01/2025,Prod_Well_A ,318,2026-01-01 08:00:00.000000+00:00
12/02/2025,01/01/2025,Prod_Well_A ,343,2026-01-01 08:00:00.000000+00:00
13/02/2025,01/01/2025,Prod_Well_A ,227,2026-01-01 08:00:00.000000+00:00
14/02/2025,01/01/2025,Prod_Well_A ,333,2026-01-01 08:00:00.000000+00:00
15/02/2025,01/01/2025,Prod_Well_A ,339,2026-01-01 08:00:00.000000+00:00
16/02/2025,01/01/2025,Prod_Well_A ,347,2026-01-01 08:00:00.000000+00:00
17/02/2025,01/01/2025,Prod_Well_A ,369,2026-01-01 08:00:00.000000+00:00
18/02/2025,01/01/2025,Prod_Well_A ,397,2026-01-01 08:00:00.000000+00:00
19/02/2025,01/01/2025,Prod_Well_A ,263,2026-01-01 08:00:00.000000+00:00
20/02/2025,01/01/2025,Prod_Well_A ,243,2026-01-01 08:00:00.000000+00:00
21/02/2025,01/01/2025,Prod_Well_A ,271,2026-01-01 08:00:00.000000+00:00
22/02/2025,01/01/2025,Prod_Well_A ,308,2026-01-01 08:00:00.000000+00:00
23/02/2025,01/01/2025,Prod_Well_A ,389,2026-01-01 08:00:00.000000+00:00
24/02/2025,01/01/2025,Prod_Well_A ,224,2026-01-01 08:00:00.000000+00:00
25/02/2025,01/01/2025,Prod_Well_A ,216,2026-01-01 08:00:00.000000+00:00
26/02/2025,01/01/2025,Prod_Well_A ,375,2026-01-01 08:00:00.000000+00:00
27/02/2025,01/01/2025,Prod_Well_A ,277,2026-01-01 08:00:00.000000+00:00
28/02/2025,01/01/2025,Prod_Well_A ,200,2026-01-01 08:00:00.000000+00:00
01/02/2025,01/01/2025,Pressure_Tx,0.944297082,2026-01-01 08:00:00.000000+00:00
02/02/2025,01/01/2025,Pressure_Tx,0.983002833,2026-01-01 08:00:00.000000+00:00
03/02/2025,01/01/2025,Pressure_Tx,1.295918367,2026-01-01 08:00:00.000000+00:00
04/02/2025,01/01/2025,Pressure_Tx,1.180379747,2026-01-01 08:00:00.000000+00:00
05/02/2025,01/01/2025,Pressure_Tx,0.682389937,2026-01-01 08:00:00.000000+00:00
06/02/2025,01/01/2025,Pressure_Tx,1.066037736,2026-01-01 08:00:00.000000+00:00
07/02/2025,01/01/2025,Pressure_Tx,1.106299213,2026-01-01 08:00:00.000000+00:00
08/02/2025,01/01/2025,Pressure_Tx,1.397111913,2026-01-01 08:00:00.000000+00:00
09/02/2025,01/01/2025,Pressure_Tx,1.061068702,2026-01-01 08:00:00.000000+00:00
10/02/2025,01/01/2025,Pressure_Tx,1.164133739,2026-01-01 08:00:00.000000+00:00
11/02/2025,01/01/2025,Pressure_Tx,1.177777778,2026-01-01 08:00:00.000000+00:00
12/02/2025,01/01/2025,Pressure_Tx,0.98,2026-01-01 08:00:00.000000+00:00
13/02/2025,01/01/2025,Pressure_Tx,0.5675,2026-01-01 08:00:00.000000+00:00
14/02/2025,01/01/2025,Pressure_Tx,1.215328467,2026-01-01 08:00:00.000000+00:00
15/02/2025,01/01/2025,Pressure_Tx,0.892105263,2026-01-01 08:00:00.000000+00:00
16/02/2025,01/01/2025,Pressure_Tx,1.011661808,2026-01-01 08:00:00.000000+00:00
17/02/2025,01/01/2025,Pressure_Tx,0.927135678,2026-01-01 08:00:00.000000+00:00
18/02/2025,01/01/2025,Pressure_Tx,0.9925,2026-01-01 08:00:00.000000+00:00
19/02/2025,01/01/2025,Pressure_Tx,0.985018727,2026-01-01 08:00:00.000000+00:00
20/02/2025,01/01/2025,Pressure_Tx,0.788961039,2026-01-01 08:00:00.000000+00:00
21/02/2025,01/01/2025,Pressure_Tx,0.863057325,2026-01-01 08:00:00.000000+00:00
22/02/2025,01/01/2025,Pressure_Tx,0.88252149,2026-01-01 08:00:00.000000+00:00
23/02/2025,01/01/2025,Pressure_Tx,1,2026-01-01 08:00:00.000000+00:00
24/02/2025,01/01/2025,Pressure_Tx,0.888888889,2026-01-01 08:00:00.000000+00:00
25/02/2025,01/01/2025,Pressure_Tx,0.670807453,2026-01-01 08:00:00.000000+00:00
26/02/2025,01/01/2025,Pressure_Tx,0.981675393,2026-01-01 08:00:00.000000+00:00
27/02/2025,01/01/2025,Pressure_Tx,0.847094801,2026-01-01 08:00:00.000000+00:00
28/02/2025,01/01/2025,Pressure_Tx,0.543478261,2026-01-01 08:00:00.000000+00:00
01/02/2025,01/01/2025,Gas_Flow,53,2026-01-01 08:00:00.000000+00:00
02/02/2025,01/01/2025,Gas_Flow,99,2026-01-01 08:00:00.000000+00:00
03/02/2025,01/01/2025,Gas_Flow,78,2026-01-01 08:00:00.000000+00:00
04/02/2025,01/01/2025,Gas_Flow,85,2026-01-01 08:00:00.000000+00:00
05/02/2025,01/01/2025,Gas_Flow,254,2026-01-01 08:00:00.000000+00:00
06/02/2025,01/01/2025,Gas_Flow,230,2026-01-01 08:00:00.000000+00:00
07/02/2025,01/01/2025,Gas_Flow,195,2026-01-01 08:00:00.000000+00:00
08/02/2025,01/01/2025,Gas_Flow,126,2026-01-01 08:00:00.000000+00:00
09/02/2025,01/01/2025,Gas_Flow,261,2026-01-01 08:00:00.000000+00:00
10/02/2025,01/01/2025,Gas_Flow,59,2026-01-01 08:00:00.000000+00:00
11/02/2025,01/01/2025,Gas_Flow,176,2026-01-01 08:00:00.000000+00:00
12/02/2025,01/01/2025,Gas_Flow,236,2026-01-01 08:00:00.000000+00:00
13/02/2025,01/01/2025,Gas_Flow,234,2026-01-01 08:00:00.000000+00:00
14/02/2025,01/01/2025,Gas_Flow,148,2026-01-01 08:00:00.000000+00:00
15/02/2025,01/01/2025,Gas_Flow,75,2026-01-01 08:00:00.000000+00:00
16/02/2025,01/01/2025,Gas_Flow,173,2026-01-01 08:00:00.000000+00:00
17/02/2025,01/01/2025,Gas_Flow,98,2026-01-01 08:00:00.000000+00:00
18/02/2025,01/01/2025,Gas_Flow,124,2026-01-01 08:00:00.000000+00:00
19/02/2025,01/01/2025,Gas_Flow,142,2026-01-01 08:00:00.000000+00:00
20/02/2025,01/01/2025,Gas_Flow,211,2026-01-01 08:00:00.000000+00:00
21/02/2025,01/01/2025,Gas_Flow,193,2026-01-01 08:00:00.000000+00:00
22/02/2025,01/01/2025,Gas_Flow,126,2026-01-01 08:00:00.000000+00:00
23/02/2025,01/01/2025,Gas_Flow,137,2026-01-01 08:00:00.000000+00:00
24/02/2025,01/01/2025,Gas_Flow,270,2026-01-01 08:00:00.000000+00:00
25/02/2025,01/01/2025,Gas_Flow,241,2026-01-01 08:00:00.000000+00:00
26/02/2025,01/01/2025,Gas_Flow,216,2026-01-01 08:00:00.000000+00:00
27/02/2025,01/01/2025,Gas_Flow,148,2026-01-01 08:00:00.000000+00:00
28/02/2025,01/01/2025,Gas_Flow,193,2026-01-01 08:00:00.000000+00:00
01/02/2025,01/01/2025,Temp_Sensor_1,226,2026-01-01 08:00:00.000000+00:00
02/02/2025,01/01/2025,Temp_Sensor_1,234,2026-01-01 08:00:00.000000+00:00
03/02/2025,01/01/2025,Temp_Sensor_1,255,2026-01-01 08:00:00.000000+00:00
04/02/2025,01/01/2025,Temp_Sensor_1,257,2026-01-01 08:00:00.000000+00:00
05/02/2025,01/01/2025,Temp_Sensor_1,81,2026-01-01 08:00:00.000000+00:00
06/02/2025,01/01/2025,Temp_Sensor_1,126,2026-01-01 08:00:00.000000+00:00
07/02/2025,01/01/2025,Temp_Sensor_1,172,2026-01-01 08:00:00.000000+00:00
08/02/2025,01/01/2025,Temp_Sensor_1,241,2026-01-01 08:00:00.000000+00:00
09/02/2025,01/01/2025,Temp_Sensor_1,47,2026-01-01 08:00:00.000000+00:00
10/02/2025,01/01/2025,Temp_Sensor_1,99,2026-01-01 08:00:00.000000+00:00
11/02/2025,01/01/2025,Temp_Sensor_1,67,2026-01-01 08:00:00.000000+00:00
12/02/2025,01/01/2025,Temp_Sensor_1,234,2026-01-01 08:00:00.000000+00:00
13/02/2025,01/01/2025,Temp_Sensor_1,1,2026-01-01 08:00:00.000000+00:00
14/02/2025,01/01/2025,Temp_Sensor_1,17,2026-01-01 08:00:00.000000+00:00
15/02/2025,01/01/2025,Temp_Sensor_1,280,2026-01-01 08:00:00.000000+00:00
16/02/2025,01/01/2025,Temp_Sensor_1,58,2026-01-01 08:00:00.000000+00:00
17/02/2025,01/01/2025,Temp_Sensor_1,32,2026-01-01 08:00:00.000000+00:00
18/02/2025,01/01/2025,Temp_Sensor_1,69,2026-01-01 08:00:00.000000+00:00
19/02/2025,01/01/2025,Temp_Sensor_1,204,2026-01-01 08:00:00.000000+00:00
20/02/2025,01/01/2025,Temp_Sensor_1,282,2026-01-01 08:00:00.000000+00:00
21/02/2025,01/01/2025,Temp_Sensor_1,264,2026-01-01 08:00:00.000000+00:00
22/02/2025,01/01/2025,Temp_Sensor_1,287,2026-01-01 08:00:00.000000+00:00
23/02/2025,01/01/2025,Temp_Sensor_1,176,2026-01-01 08:00:00.000000+00:00
24/02/2025,01/01/2025,Temp_Sensor_1,245,2026-01-01 08:00:00.000000+00:00
25/02/2025,01/01/2025,Temp_Sensor_1,33,2026-01-01 08:00:00.000000+00:00
26/02/2025,01/01/2025,Temp_Sensor_1,299,2026-01-01 08:00:00.000000+00:00
27/02/2025,01/01/2025,Temp_Sensor_1,110,2026-01-01 08:00:00.000000+00:00
28/02/2025,01/01/2025,Temp_Sensor_1,264,2026-01-01 08:00:00.000000+00:00
01/02/2025,01/01/2025,Inject_Pump_B,437,2026-01-01 08:00:00.000000+00:00
02/02/2025,01/01/2025,Inject_Pump_B,681,2026-01-01 08:00:00.000000+00:00
03/02/2025,01/01/2025,Inject_Pump_B,0,2026-01-01 08:00:00.000000+00:00
04/02/2025,01/01/2025,Inject_Pump_B,325,2026-01-01 08:00:00.000000+00:00
05/02/2025,01/01/2025,Inject_Pump_B,769,2026-01-01 08:00:00.000000+00:00
06/02/2025,01/01/2025,Inject_Pump_B,545,2026-01-01 08:00:00.000000+00:00
07/02/2025,01/01/2025,Inject_Pump_B,785,2026-01-01 08:00:00.000000+00:00
08/02/2025,01/01/2025,Inject_Pump_B,945,2026-01-01 08:00:00.000000+00:00
09/02/2025,01/01/2025,Inject_Pump_B,495,2026-01-01 08:00:00.000000+00:00
10/02/2025,01/01/2025,Inject_Pump_B,331,2026-01-01 08:00:00.000000+00:00
11/02/2025,01/01/2025,Inject_Pump_B,862,2026-01-01 08:00:00.000000+00:00
12/02/2025,01/01/2025,Inject_Pump_B,100,2026-01-01 08:00:00.000000+00:00
13/02/2025,01/01/2025,Inject_Pump_B,412,2026-01-01 08:00:00.000000+00:00
14/02/2025,01/01/2025,Inject_Pump_B,181,2026-01-01 08:00:00.000000+00:00
15/02/2025,01/01/2025,Inject_Pump_B,865,2026-01-01 08:00:00.000000+00:00
16/02/2025,01/01/2025,Inject_Pump_B,350,2026-01-01 08:00:00.000000+00:00
17/02/2025,01/01/2025,Inject_Pump_B,707,2026-01-01 08:00:00.000000+00:00
18/02/2025,01/01/2025,Inject_Pump_B,135,2026-01-01 08:00:00.000000+00:00
19/02/2025,01/01/2025,Inject_Pump_B,295,2026-01-01 08:00:00.000000+00:00
20/02/2025,01/01/2025,Inject_Pump_B,605,2026-01-01 08:00:00.000000+00:00
21/02/2025,01/01/2025,Inject_Pump_B,312,2026-01-01 08:00:00.000000+00:00
22/02/2025,01/01/2025,Inject_Pump_B,748,2026-01-01 08:00:00.000000+00:00
23/02/2025,01/01/2025,Inject_Pump_B,147,2026-01-01 08:00:00.000000+00:00
24/02/2025,01/01/2025,Inject_Pump_B,5,2026-01-01 08:00:00.000000+00:00
25/02/2025,01/01/2025,Inject_Pump_B,488,2026-01-01 08:00:00.000000+00:00
26/02/2025,01/01/2025,Inject_Pump_B,313,2026-01-01 08:00:00.000000+00:00
27/02/2025,01/01/2025,Inject_Pump_B,619,2026-01-01 08:00:00.000000+00:00
28/02/2025,01/01/2025,Inject_Pump_B,323,2026-01-01 08:00:00.000000+00:00
01/03/2025,01/01/2025,Prod_Well_A ,295,2026-01-01 08:00:00.000000+00:00
02/03/2025,01/01/2025,Prod_Well_A ,382,2026-01-01 08:00:00.000000+00:00
03/03/2025,01/01/2025,Prod_Well_A ,239,2026-01-01 08:00:00.000000+00:00
04/03/2025,01/01/2025,Prod_Well_A ,391,2026-01-01 08:00:00.000000+00:00
05/03/2025,01/01/2025,Prod_Well_A ,200,2026-01-01 08:00:00.000000+00:00
06/03/2025,01/01/2025,Prod_Well_A ,223,2026-01-01 08:00:00.000000+00:00
07/03/2025,01/01/2025,Prod_Well_A ,374,2026-01-01 08:00:00.000000+00:00
08/03/2025,01/01/2025,Prod_Well_A ,253,2026-01-01 08:00:00.000000+00:00
09/03/2025,01/01/2025,Prod_Well_A ,324,2026-01-01 08:00:00.000000+00:00
10/03/2025,01/01/2025,Prod_Well_A ,285,2026-01-01 08:00:00.000000+00:00
11/03/2025,01/01/2025,Prod_Well_A ,365,2026-01-01 08:00:00.000000+00:00
12/03/2025,01/01/2025,Prod_Well_A ,281,2026-01-01 08:00:00.000000+00:00
13/03/2025,01/01/2025,Prod_Well_A ,390,2026-01-01 08:00:00.000000+00:00
14/03/2025,01/01/2025,Prod_Well_A ,294,2026-01-01 08:00:00.000000+00:00
15/03/2025,01/01/2025,Prod_Well_A ,205,2026-01-01 08:00:00.000000+00:00
16/03/2025,01/01/2025,Prod_Well_A ,336,2026-01-01 08:00:00.000000+00:00
17/03/2025,01/01/2025,Prod_Well_A ,263,2026-01-01 08:00:00.000000+00:00
18/03/2025,01/01/2025,Prod_Well_A ,333,2026-01-01 08:00:00.000000+00:00
19/03/2025,01/01/2025,Prod_Well_A ,234,2026-01-01 08:00:00.000000+00:00
20/03/2025,01/01/2025,Prod_Well_A ,348,2026-01-01 08:00:00.000000+00:00
21/03/2025,01/01/2025,Prod_Well_A ,276,2026-01-01 08:00:00.000000+00:00
22/03/2025,01/01/2025,Prod_Well_A ,383,2026-01-01 08:00:00.000000+00:00
23/03/2025,01/01/2025,Prod_Well_A ,301,2026-01-01 08:00:00.000000+00:00
24/03/2025,01/01/2025,Prod_Well_A ,347,2026-01-01 08:00:00.000000+00:00
25/03/2025,01/01/2025,Prod_Well_A ,325,2026-01-01 08:00:00.000000+00:00
26/03/2025,01/01/2025,Prod_Well_A ,384,2026-01-01 08:00:00.000000+00:00
27/03/2025,01/01/2025,Prod_Well_A ,370,2026-01-01 08:00:00.000000+00:00
28/03/2025,01/01/2025,Prod_Well_A ,262,2026-01-01 08:00:00.000000+00:00
29/03/2025,01/01/2025,Prod_Well_A ,221,2026-01-01 08:00:00.000000+00:00
30/03/2025,01/01/2025,Prod_Well_A ,361,2026-01-01 08:00:00.000000+00:00
31/03/2025,01/01/2025,Prod_Well_A ,237,2026-01-01 08:00:00.000000+00:00
01/03/2025,01/01/2025,Pressure_Tx,1.013745704,2026-01-01 08:00:00.000000+00:00
02/03/2025,01/01/2025,Pressure_Tx,1.43071161,2026-01-01 08:00:00.000000+00:00
03/03/2025,01/01/2025,Pressure_Tx,0.617571059,2026-01-01 08:00:00.000000+00:00
04/03/2025,01/01/2025,Pressure_Tx,1.092178771,2026-01-01 08:00:00.000000+00:00
05/03/2025,01/01/2025,Pressure_Tx,0.634920635,2026-01-01 08:00:00.000000+00:00
06/03/2025,01/01/2025,Pressure_Tx,0.724025974,2026-01-01 08:00:00.000000+00:00
07/03/2025,01/01/2025,Pressure_Tx,1.106508876,2026-01-01 08:00:00.000000+00:00
08/03/2025,01/01/2025,Pressure_Tx,0.98828125,2026-01-01 08:00:00.000000+00:00
09/03/2025,01/01/2025,Pressure_Tx,1.015673981,2026-01-01 08:00:00.000000+00:00
10/03/2025,01/01/2025,Pressure_Tx,0.979381443,2026-01-01 08:00:00.000000+00:00
11/03/2025,01/01/2025,Pressure_Tx,1.106060606,2026-01-01 08:00:00.000000+00:00
12/03/2025,01/01/2025,Pressure_Tx,0.86996904,2026-01-01 08:00:00.000000+00:00
13/03/2025,01/01/2025,Pressure_Tx,1.56,2026-01-01 08:00:00.000000+00:00
14/03/2025,01/01/2025,Pressure_Tx,0.976744186,2026-01-01 08:00:00.000000+00:00
15/03/2025,01/01/2025,Pressure_Tx,0.538057743,2026-01-01 08:00:00.000000+00:00
16/03/2025,01/01/2025,Pressure_Tx,1.328063241,2026-01-01 08:00:00.000000+00:00
17/03/2025,01/01/2025,Pressure_Tx,0.749287749,2026-01-01 08:00:00.000000+00:00
18/03/2025,01/01/2025,Pressure_Tx,1.132653061,2026-01-01 08:00:00.000000+00:00
19/03/2025,01/01/2025,Pressure_Tx,0.826855124,2026-01-01 08:00:00.000000+00:00
20/03/2025,01/01/2025,Pressure_Tx,0.956043956,2026-01-01 08:00:00.000000+00:00
21/03/2025,01/01/2025,Pressure_Tx,0.948453608,2026-01-01 08:00:00.000000+00:00
22/03/2025,01/01/2025,Pressure_Tx,1.276666667,2026-01-01 08:00:00.000000+00:00
23/03/2025,01/01/2025,Pressure_Tx,0.758186398,2026-01-01 08:00:00.000000+00:00
24/03/2025,01/01/2025,Pressure_Tx,1.329501916,2026-01-01 08:00:00.000000+00:00
25/03/2025,01/01/2025,Pressure_Tx,1.031746032,2026-01-01 08:00:00.000000+00:00
26/03/2025,01/01/2025,Pressure_Tx,1.181538462,2026-01-01 08:00:00.000000+00:00
27/03/2025,01/01/2025,Pressure_Tx,1.41221374,2026-01-01 08:00:00.000000+00:00
28/03/2025,01/01/2025,Pressure_Tx,1.0234375,2026-01-01 08:00:00.000000+00:00
29/03/2025,01/01/2025,Pressure_Tx,0.627840909,2026-01-01 08:00:00.000000+00:00
30/03/2025,01/01/2025,Pressure_Tx,0.909319899,2026-01-01 08:00:00.000000+00:00
31/03/2025,01/01/2025,Pressure_Tx,0.6171875,2026-01-01 08:00:00.000000+00:00
01/03/2025,01/01/2025,Gas_Flow,241,2026-01-01 08:00:00.000000+00:00
02/03/2025,01/01/2025,Gas_Flow,244,2026-01-01 08:00:00.000000+00:00
03/03/2025,01/01/2025,Gas_Flow,267,2026-01-01 08:00:00.000000+00:00
04/03/2025,01/01/2025,Gas_Flow,230,2026-01-01 08:00:00.000000+00:00
05/03/2025,01/01/2025,Gas_Flow,67,2026-01-01 08:00:00.000000+00:00
06/03/2025,01/01/2025,Gas_Flow,299,2026-01-01 08:00:00.000000+00:00
07/03/2025,01/01/2025,Gas_Flow,230,2026-01-01 08:00:00.000000+00:00
08/03/2025,01/01/2025,Gas_Flow,109,2026-01-01 08:00:00.000000+00:00
09/03/2025,01/01/2025,Gas_Flow,156,2026-01-01 08:00:00.000000+00:00
10/03/2025,01/01/2025,Gas_Flow,126,2026-01-01 08:00:00.000000+00:00
11/03/2025,01/01/2025,Gas_Flow,87,2026-01-01 08:00:00.000000+00:00
12/03/2025,01/01/2025,Gas_Flow,293,2026-01-01 08:00:00.000000+00:00
13/03/2025,01/01/2025,Gas_Flow,80,2026-01-01 08:00:00.000000+00:00
14/03/2025,01/01/2025,Gas_Flow,156,2026-01-01 08:00:00.000000+00:00
15/03/2025,01/01/2025,Gas_Flow,132,2026-01-01 08:00:00.000000+00:00
16/03/2025,01/01/2025,Gas_Flow,263,2026-01-01 08:00:00.000000+00:00
17/03/2025,01/01/2025,Gas_Flow,97,2026-01-01 08:00:00.000000+00:00
18/03/2025,01/01/2025,Gas_Flow,167,2026-01-01 08:00:00.000000+00:00
19/03/2025,01/01/2025,Gas_Flow,87,2026-01-01 08:00:00.000000+00:00
20/03/2025,01/01/2025,Gas_Flow,158,2026-01-01 08:00:00.000000+00:00
21/03/2025,01/01/2025,Gas_Flow,235,2026-01-01 08:00:00.000000+00:00
22/03/2025,01/01/2025,Gas_Flow,185,2026-01-01 08:00:00.000000+00:00
23/03/2025,01/01/2025,Gas_Flow,233,2026-01-01 08:00:00.000000+00:00
24/03/2025,01/01/2025,Gas_Flow,276,2026-01-01 08:00:00.000000+00:00
25/03/2025,01/01/2025,Gas_Flow,286,2026-01-01 08:00:00.000000+00:00
26/03/2025,01/01/2025,Gas_Flow,56,2026-01-01 08:00:00.000000+00:00
27/03/2025,01/01/2025,Gas_Flow,223,2026-01-01 08:00:00.000000+00:00
28/03/2025,01/01/2025,Gas_Flow,274,2026-01-01 08:00:00.000000+00:00
29/03/2025,01/01/2025,Gas_Flow,130,2026-01-01 08:00:00.000000+00:00
30/03/2025,01/01/2025,Gas_Flow,161,2026-01-01 08:00:00.000000+00:00
31/03/2025,01/01/2025,Gas_Flow,113,2026-01-01 08:00:00.000000+00:00
01/03/2025,01/01/2025,Temp_Sensor_1,22,2026-01-01 08:00:00.000000+00:00
02/03/2025,01/01/2025,Temp_Sensor_1,224,2026-01-01 08:00:00.000000+00:00
03/03/2025,01/01/2025,Temp_Sensor_1,285,2026-01-01 08:00:00.000000+00:00
04/03/2025,01/01/2025,Temp_Sensor_1,252,2026-01-01 08:00:00.000000+00:00
05/03/2025,01/01/2025,Temp_Sensor_1,194,2026-01-01 08:00:00.000000+00:00
06/03/2025,01/01/2025,Temp_Sensor_1,215,2026-01-01 08:00:00.000000+00:00
07/03/2025,01/01/2025,Temp_Sensor_1,261,2026-01-01 08:00:00.000000+00:00
08/03/2025,01/01/2025,Temp_Sensor_1,117,2026-01-01 08:00:00.000000+00:00
09/03/2025,01/01/2025,Temp_Sensor_1,48,2026-01-01 08:00:00.000000+00:00
10/03/2025,01/01/2025,Temp_Sensor_1,240,2026-01-01 08:00:00.000000+00:00
11/03/2025,01/01/2025,Temp_Sensor_1,288,2026-01-01 08:00:00.000000+00:00
12/03/2025,01/01/2025,Temp_Sensor_1,10,2026-01-01 08:00:00.000000+00:00
13/03/2025,01/01/2025,Temp_Sensor_1,7,2026-01-01 08:00:00.000000+00:00
14/03/2025,01/01/2025,Temp_Sensor_1,138,2026-01-01 08:00:00.000000+00:00
15/03/2025,01/01/2025,Temp_Sensor_1,113,2026-01-01 08:00:00.000000+00:00
16/03/2025,01/01/2025,Temp_Sensor_1,167,2026-01-01 08:00:00.000000+00:00
17/03/2025,01/01/2025,Temp_Sensor_1,147,2026-01-01 08:00:00.000000+00:00
18/03/2025,01/01/2025,Temp_Sensor_1,77,2026-01-01 08:00:00.000000+00:00
19/03/2025,01/01/2025,Temp_Sensor_1,194,2026-01-01 08:00:00.000000+00:00
20/03/2025,01/01/2025,Temp_Sensor_1,196,2026-01-01 08:00:00.000000+00:00
21/03/2025,01/01/2025,Temp_Sensor_1,90,2026-01-01 08:00:00.000000+00:00
22/03/2025,01/01/2025,Temp_Sensor_1,200,2026-01-01 08:00:00.000000+00:00
23/03/2025,01/01/2025,Temp_Sensor_1,105,2026-01-01 08:00:00.000000+00:00
24/03/2025,01/01/2025,Temp_Sensor_1,191,2026-01-01 08:00:00.000000+00:00
25/03/2025,01/01/2025,Temp_Sensor_1,117,2026-01-01 08:00:00.000000+00:00
26/03/2025,01/01/2025,Temp_Sensor_1,20,2026-01-01 08:00:00.000000+00:00
27/03/2025,01/01/2025,Temp_Sensor_1,164,2026-01-01 08:00:00.000000+00:00
28/03/2025,01/01/2025,Temp_Sensor_1,49,2026-01-01 08:00:00.000000+00:00
29/03/2025,01/01/2025,Temp_Sensor_1,219,2026-01-01 08:00:00.000000+00:00
30/03/2025,01/01/2025,Temp_Sensor_1,126,2026-01-01 08:00:00.000000+00:00
31/03/2025,01/01/2025,Temp_Sensor_1,46,2026-01-01 08:00:00.000000+00:00
01/03/2025,01/01/2025,Inject_Pump_B,47,2026-01-01 08:00:00.000000+00:00
02/03/2025,01/01/2025,Inject_Pump_B,9,2026-01-01 08:00:00.000000+00:00
03/03/2025,01/01/2025,Inject_Pump_B,32,2026-01-01 08:00:00.000000+00:00
04/03/2025,01/01/2025,Inject_Pump_B,568,2026-01-01 08:00:00.000000+00:00
05/03/2025,01/01/2025,Inject_Pump_B,581,2026-01-01 08:00:00.000000+00:00
06/03/2025,01/01/2025,Inject_Pump_B,510,2026-01-01 08:00:00.000000+00:00
07/03/2025,01/01/2025,Inject_Pump_B,341,2026-01-01 08:00:00.000000+00:00
08/03/2025,01/01/2025,Inject_Pump_B,898,2026-01-01 08:00:00.000000+00:00
09/03/2025,01/01/2025,Inject_Pump_B,703,2026-01-01 08:00:00.000000+00:00
10/03/2025,01/01/2025,Inject_Pump_B,699,2026-01-01 08:00:00.000000+00:00
11/03/2025,01/01/2025,Inject_Pump_B,104,2026-01-01 08:00:00.000000+00:00
12/03/2025,01/01/2025,Inject_Pump_B,577,2026-01-01 08:00:00.000000+00:00
13/03/2025,01/01/2025,Inject_Pump_B,762,2026-01-01 08:00:00.000000+00:00
14/03/2025,01/01/2025,Inject_Pump_B,631,2026-01-01 08:00:00.000000+00:00
15/03/2025,01/01/2025,Inject_Pump_B,489,2026-01-01 08:00:00.000000+00:00
16/03/2025,01/01/2025,Inject_Pump_B,571,2026-01-01 08:00:00.000000+00:00
17/03/2025,01/01/2025,Inject_Pump_B,534,2026-01-01 08:00:00.000000+00:00
18/03/2025,01/01/2025,Inject_Pump_B,38,2026-01-01 08:00:00.000000+00:00
19/03/2025,01/01/2025,Inject_Pump_B,844,2026-01-01 08:00:00.000000+00:00
20/03/2025,01/01/2025,Inject_Pump_B,216,2026-01-01 08:00:00.000000+00:00
21/03/2025,01/01/2025,Inject_Pump_B,972,2026-01-01 08:00:00.000000+00:00
22/03/2025,01/01/2025,Inject_Pump_B,61,2026-01-01 08:00:00.000000+00:00
23/03/2025,01/01/2025,Inject_Pump_B,75,2026-01-01 08:00:00.000000+00:00
24/03/2025,01/01/2025,Inject_Pump_B,42,2026-01-01 08:00:00.000000+00:00
25/03/2025,01/01/2025,Inject_Pump_B,486,2026-01-01 08:00:00.000000+00:00
26/03/2025,01/01/2025,Inject_Pump_B,360,2026-01-01 08:00:00.000000+00:00
27/03/2025,01/01/2025,Inject_Pump_B,950,2026-01-01 08:00:00.000000+00:00
28/03/2025,01/01/2025,Inject_Pump_B,561,2026-01-01 08:00:00.000000+00:00
29/03/2025,01/01/2025,Inject_Pump_B,176,2026-01-01 08:00:00.000000+00:00
30/03/2025,01/01/2025,Inject_Pump_B,849,2026-01-01 08:00:00.000000+00:00
31/03/2025,01/01/2025,Inject_Pump_B,903,2026-01-01 08:00:00.000000+00:00
01/04/2025,01/01/2025,Prod_Well_A ,353,2026-01-01 08:00:00.000000+00:00
02/04/2025,01/01/2025,Prod_Well_A ,280,2026-01-01 08:00:00.000000+00:00
03/04/2025,01/01/2025,Prod_Well_A ,341,2026-01-01 08:00:00.000000+00:00
04/04/2025,01/01/2025,Prod_Well_A ,279,2026-01-01 08:00:00.000000+00:00
05/04/2025,01/01/2025,Prod_Well_A ,370,2026-01-01 08:00:00.000000+00:00
06/04/2025,01/01/2025,Prod_Well_A ,207,2026-01-01 08:00:00.000000+00:00
07/04/2025,01/01/2025,Prod_Well_A ,373,2026-01-01 08:00:00.000000+00:00
08/04/2025,01/01/2025,Prod_Well_A ,316,2026-01-01 08:00:00.000000+00:00
09/04/2025,01/01/2025,Prod_Well_A ,376,2026-01-01 08:00:00.000000+00:00
10/04/2025,01/01/2025,Prod_Well_A ,226,2026-01-01 08:00:00.000000+00:00
11/04/2025,01/01/2025,Prod_Well_A ,395,2026-01-01 08:00:00.000000+00:00
12/04/2025,01/01/2025,Prod_Well_A ,244,2026-01-01 08:00:00.000000+00:00
13/04/2025,01/01/2025,Prod_Well_A ,312,2026-01-01 08:00:00.000000+00:00
14/04/2025,01/01/2025,Prod_Well_A ,223,2026-01-01 08:00:00.000000+00:00
15/04/2025,01/01/2025,Prod_Well_A ,308,2026-01-01 08:00:00.000000+00:00
16/04/2025,01/01/2025,Prod_Well_A ,368,2026-01-01 08:00:00.000000+00:00
17/04/2025,01/01/2025,Prod_Well_A ,279,2026-01-01 08:00:00.000000+00:00
18/04/2025,01/01/2025,Prod_Well_A ,222,2026-01-01 08:00:00.000000+00:00
19/04/2025,01/01/2025,Prod_Well_A ,380,2026-01-01 08:00:00.000000+00:00
20/04/2025,01/01/2025,Prod_Well_A ,304,2026-01-01 08:00:00.000000+00:00
21/04/2025,01/01/2025,Prod_Well_A ,254,2026-01-01 08:00:00.000000+00:00
22/04/2025,01/01/2025,Prod_Well_A ,259,2026-01-01 08:00:00.000000+00:00
23/04/2025,01/01/2025,Prod_Well_A ,281,2026-01-01 08:00:00.000000+00:00
24/04/2025,01/01/2025,Prod_Well_A ,383,2026-01-01 08:00:00.000000+00:00
25/04/2025,01/01/2025,Prod_Well_A ,257,2026-01-01 08:00:00.000000+00:00
26/04/2025,01/01/2025,Prod_Well_A ,378,2026-01-01 08:00:00.000000+00:00
27/04/2025,01/01/2025,Prod_Well_A ,344,2026-01-01 08:00:00.000000+00:00
28/04/2025,01/01/2025,Prod_Well_A ,220,2026-01-01 08:00:00.000000+00:00
29/04/2025,01/01/2025,Prod_Well_A ,257,2026-01-01 08:00:00.000000+00:00
30/04/2025,01/01/2025,Prod_Well_A ,296,2026-01-01 08:00:00.000000+00:00
01/04/2025,01/01/2025,Pressure_Tx,1.076219512,2026-01-01 08:00:00.000000+00:00
02/04/2025,01/01/2025,Pressure_Tx,0.962199313,2026-01-01 08:00:00.000000+00:00
03/04/2025,01/01/2025,Pressure_Tx,0.878865979,2026-01-01 08:00:00.000000+00:00
04/04/2025,01/01/2025,Pressure_Tx,0.722797927,2026-01-01 08:00:00.000000+00:00
05/04/2025,01/01/2025,Pressure_Tx,1.185897436,2026-01-01 08:00:00.000000+00:00
06/04/2025,01/01/2025,Pressure_Tx,0.716262976,2026-01-01 08:00:00.000000+00:00
07/04/2025,01/01/2025,Pressure_Tx,1.126888218,2026-01-01 08:00:00.000000+00:00
08/04/2025,01/01/2025,Pressure_Tx,0.969325153,2026-01-01 08:00:00.000000+00:00
09/04/2025,01/01/2025,Pressure_Tx,0.989473684,2026-01-01 08:00:00.000000+00:00
10/04/2025,01/01/2025,Pressure_Tx,0.567839196,2026-01-01 08:00:00.000000+00:00
11/04/2025,01/01/2025,Pressure_Tx,1.457564576,2026-01-01 08:00:00.000000+00:00
12/04/2025,01/01/2025,Pressure_Tx,0.655913978,2026-01-01 08:00:00.000000+00:00
13/04/2025,01/01/2025,Pressure_Tx,0.934131737,2026-01-01 08:00:00.000000+00:00
14/04/2025,01/01/2025,Pressure_Tx,0.675757576,2026-01-01 08:00:00.000000+00:00
15/04/2025,01/01/2025,Pressure_Tx,1.132352941,2026-01-01 08:00:00.000000+00:00
16/04/2025,01/01/2025,Pressure_Tx,1.101796407,2026-01-01 08:00:00.000000+00:00
17/04/2025,01/01/2025,Pressure_Tx,0.835329341,2026-01-01 08:00:00.000000+00:00
18/04/2025,01/01/2025,Pressure_Tx,0.844106464,2026-01-01 08:00:00.000000+00:00
19/04/2025,01/01/2025,Pressure_Tx,1.241830065,2026-01-01 08:00:00.000000+00:00
20/04/2025,01/01/2025,Pressure_Tx,1.178294574,2026-01-01 08:00:00.000000+00:00
21/04/2025,01/01/2025,Pressure_Tx,0.749262537,2026-01-01 08:00:00.000000+00:00
22/04/2025,01/01/2025,Pressure_Tx,0.899305556,2026-01-01 08:00:00.000000+00:00
23/04/2025,01/01/2025,Pressure_Tx,0.767759563,2026-01-01 08:00:00.000000+00:00
24/04/2025,01/01/2025,Pressure_Tx,1.298305085,2026-01-01 08:00:00.000000+00:00
25/04/2025,01/01/2025,Pressure_Tx,0.98467433,2026-01-01 08:00:00.000000+00:00
26/04/2025,01/01/2025,Pressure_Tx,1.047091413,2026-01-01 08:00:00.000000+00:00
27/04/2025,01/01/2025,Pressure_Tx,0.884318766,2026-01-01 08:00:00.000000+00:00
28/04/2025,01/01/2025,Pressure_Tx,0.73089701,2026-01-01 08:00:00.000000+00:00
29/04/2025,01/01/2025,Pressure_Tx,0.908127208,2026-01-01 08:00:00.000000+00:00
30/04/2025,01/01/2025,Pressure_Tx,0.751269036,2026-01-01 08:00:00.000000+00:00
01/04/2025,01/01/2025,Gas_Flow,95,2026-01-01 08:00:00.000000+00:00
02/04/2025,01/01/2025,Gas_Flow,92,2026-01-01 08:00:00.000000+00:00
03/04/2025,01/01/2025,Gas_Flow,205,2026-01-01 08:00:00.000000+00:00
04/04/2025,01/01/2025,Gas_Flow,140,2026-01-01 08:00:00.000000+00:00
05/04/2025,01/01/2025,Gas_Flow,155,2026-01-01 08:00:00.000000+00:00
06/04/2025,01/01/2025,Gas_Flow,80,2026-01-01 08:00:00.000000+00:00
07/04/2025,01/01/2025,Gas_Flow,228,2026-01-01 08:00:00.000000+00:00
08/04/2025,01/01/2025,Gas_Flow,211,2026-01-01 08:00:00.000000+00:00
09/04/2025,01/01/2025,Gas_Flow,149,2026-01-01 08:00:00.000000+00:00
10/04/2025,01/01/2025,Gas_Flow,68,2026-01-01 08:00:00.000000+00:00
11/04/2025,01/01/2025,Gas_Flow,156,2026-01-01 08:00:00.000000+00:00
12/04/2025,01/01/2025,Gas_Flow,222,2026-01-01 08:00:00.000000+00:00
13/04/2025,01/01/2025,Gas_Flow,89,2026-01-01 08:00:00.000000+00:00
14/04/2025,01/01/2025,Gas_Flow,152,2026-01-01 08:00:00.000000+00:00
15/04/2025,01/01/2025,Gas_Flow,95,2026-01-01 08:00:00.000000+00:00
16/04/2025,01/01/2025,Gas_Flow,186,2026-01-01 08:00:00.000000+00:00
17/04/2025,01/01/2025,Gas_Flow,256,2026-01-01 08:00:00.000000+00:00
18/04/2025,01/01/2025,Gas_Flow,274,2026-01-01 08:00:00.000000+00:00
19/04/2025,01/01/2025,Gas_Flow,67,2026-01-01 08:00:00.000000+00:00
20/04/2025,01/01/2025,Gas_Flow,181,2026-01-01 08:00:00.000000+00:00
21/04/2025,01/01/2025,Gas_Flow,170,2026-01-01 08:00:00.000000+00:00
22/04/2025,01/01/2025,Gas_Flow,284,2026-01-01 08:00:00.000000+00:00
23/04/2025,01/01/2025,Gas_Flow,294,2026-01-01 08:00:00.000000+00:00
24/04/2025,01/01/2025,Gas_Flow,259,2026-01-01 08:00:00.000000+00:00
25/04/2025,01/01/2025,Gas_Flow,287,2026-01-01 08:00:00.000000+00:00
26/04/2025,01/01/2025,Gas_Flow,216,2026-01-01 08:00:00.000000+00:00
27/04/2025,01/01/2025,Gas_Flow,192,2026-01-01 08:00:00.000000+00:00
28/04/2025,01/01/2025,Gas_Flow,220,2026-01-01 08:00:00.000000+00:00
29/04/2025,01/01/2025,Gas_Flow,74,2026-01-01 08:00:00.000000+00:00
30/04/2025,01/01/2025,Gas_Flow,86,2026-01-01 08:00:00.000000+00:00
01/04/2025,01/01/2025,Temp_Sensor_1,175,2026-01-01 08:00:00.000000+00:00
02/04/2025,01/01/2025,Temp_Sensor_1,129,2026-01-01 08:00:00.000000+00:00
03/04/2025,01/01/2025,Temp_Sensor_1,38,2026-01-01 08:00:00.000000+00:00
04/04/2025,01/01/2025,Temp_Sensor_1,135,2026-01-01 08:00:00.000000+00:00
05/04/2025,01/01/2025,Temp_Sensor_1,98,2026-01-01 08:00:00.000000+00:00
06/04/2025,01/01/2025,Temp_Sensor_1,108,2026-01-01 08:00:00.000000+00:00
07/04/2025,01/01/2025,Temp_Sensor_1,293,2026-01-01 08:00:00.000000+00:00
08/04/2025,01/01/2025,Temp_Sensor_1,71,2026-01-01 08:00:00.000000+00:00
09/04/2025,01/01/2025,Temp_Sensor_1,4,2026-01-01 08:00:00.000000+00:00
10/04/2025,01/01/2025,Temp_Sensor_1,277,2026-01-01 08:00:00.000000+00:00
11/04/2025,01/01/2025,Temp_Sensor_1,253,2026-01-01 08:00:00.000000+00:00
12/04/2025,01/01/2025,Temp_Sensor_1,72,2026-01-01 08:00:00.000000+00:00
13/04/2025,01/01/2025,Temp_Sensor_1,190,2026-01-01 08:00:00.000000+00:00
14/04/2025,01/01/2025,Temp_Sensor_1,186,2026-01-01 08:00:00.000000+00:00
15/04/2025,01/01/2025,Temp_Sensor_1,210,2026-01-01 08:00:00.000000+00:00
16/04/2025,01/01/2025,Temp_Sensor_1,109,2026-01-01 08:00:00.000000+00:00
17/04/2025,01/01/2025,Temp_Sensor_1,221,2026-01-01 08:00:00.000000+00:00
18/04/2025,01/01/2025,Temp_Sensor_1,74,2026-01-01 08:00:00.000000+00:00
19/04/2025,01/01/2025,Temp_Sensor_1,170,2026-01-01 08:00:00.000000+00:00
20/04/2025,01/01/2025,Temp_Sensor_1,250,2026-01-01 08:00:00.000000+00:00
21/04/2025,01/01/2025,Temp_Sensor_1,49,2026-01-01 08:00:00.000000+00:00
22/04/2025,01/01/2025,Temp_Sensor_1,202,2026-01-01 08:00:00.000000+00:00
23/04/2025,01/01/2025,Temp_Sensor_1,183,2026-01-01 08:00:00.000000+00:00
24/04/2025,01/01/2025,Temp_Sensor_1,287,2026-01-01 08:00:00.000000+00:00
25/04/2025,01/01/2025,Temp_Sensor_1,157,2026-01-01 08:00:00.000000+00:00
26/04/2025,01/01/2025,Temp_Sensor_1,146,2026-01-01 08:00:00.000000+00:00
27/04/2025,01/01/2025,Temp_Sensor_1,281,2026-01-01 08:00:00.000000+00:00
28/04/2025,01/01/2025,Temp_Sensor_1,192,2026-01-01 08:00:00.000000+00:00
29/04/2025,01/01/2025,Temp_Sensor_1,22,2026-01-01 08:00:00.000000+00:00
30/04/2025,01/01/2025,Temp_Sensor_1,98,2026-01-01 08:00:00.000000+00:00
01/04/2025,01/01/2025,Inject_Pump_B,334,2026-01-01 08:00:00.000000+00:00
02/04/2025,01/01/2025,Inject_Pump_B,168,2026-01-01 08:00:00.000000+00:00
03/04/2025,01/01/2025,Inject_Pump_B,699,2026-01-01 08:00:00.000000+00:00
04/04/2025,01/01/2025,Inject_Pump_B,457,2026-01-01 08:00:00.000000+00:00
05/04/2025,01/01/2025,Inject_Pump_B,58,2026-01-01 08:00:00.000000+00:00
06/04/2025,01/01/2025,Inject_Pump_B,35,2026-01-01 08:00:00.000000+00:00
07/04/2025,01/01/2025,Inject_Pump_B,920,2026-01-01 08:00:00.000000+00:00
08/04/2025,01/01/2025,Inject_Pump_B,126,2026-01-01 08:00:00.000000+00:00
09/04/2025,01/01/2025,Inject_Pump_B,885,2026-01-01 08:00:00.000000+00:00
10/04/2025,01/01/2025,Inject_Pump_B,599,2026-01-01 08:00:00.000000+00:00
11/04/2025,01/01/2025,Inject_Pump_B,561,2026-01-01 08:00:00.000000+00:00
12/04/2025,01/01/2025,Inject_Pump_B,410,2026-01-01 08:00:00.000000+00:00
13/04/2025,01/01/2025,Inject_Pump_B,836,2026-01-01 08:00:00.000000+00:00
14/04/2025,01/01/2025,Inject_Pump_B,694,2026-01-01 08:00:00.000000+00:00
15/04/2025,01/01/2025,Inject_Pump_B,576,2026-01-01 08:00:00.000000+00:00
16/04/2025,01/01/2025,Inject_Pump_B,642,2026-01-01 08:00:00.000000+00:00
17/04/2025,01/01/2025,Inject_Pump_B,620,2026-01-01 08:00:00.000000+00:00
18/04/2025,01/01/2025,Inject_Pump_B,964,2026-01-01 08:00:00.000000+00:00
19/04/2025,01/01/2025,Inject_Pump_B,427,2026-01-01 08:00:00.000000+00:00
20/04/2025,01/01/2025,Inject_Pump_B,314,2026-01-01 08:00:00.000000+00:00
21/04/2025,01/01/2025,Inject_Pump_B,136,2026-01-01 08:00:00.000000+00:00
22/04/2025,01/01/2025,Inject_Pump_B,896,2026-01-01 08:00:00.000000+00:00
23/04/2025,01/01/2025,Inject_Pump_B,704,2026-01-01 08:00:00.000000+00:00
24/04/2025,01/01/2025,Inject_Pump_B,866,2026-01-01 08:00:00.000000+00:00
25/04/2025,01/01/2025,Inject_Pump_B,776,2026-01-01 08:00:00.000000+00:00
26/04/2025,01/01/2025,Inject_Pump_B,862,2026-01-01 08:00:00.000000+00:00
27/04/2025,01/01/2025,Inject_Pump_B,716,2026-01-01 08:00:00.000000+00:00
28/04/2025,01/01/2025,Inject_Pump_B,984,2026-01-01 08:00:00.000000+00:00
29/04/2025,01/01/2025,Inject_Pump_B,892,2026-01-01 08:00:00.000000+00:00
30/04/2025,01/01/2025,Inject_Pump_B,209,2026-01-01 08:00:00.000000+00:00
